{
  "ARIMA": {
    "rmse_mean": 12.480879783630371,
    "rmse_std": 1.9706716537475586,
    "mae_mean": 7.390357494354248,
    "mae_std": 1.2253587245941162,
    "ega_mean": 99.70712499588211,
    "ega_std": 0.28892485098314913
  },
  "SVR": {
    "rmse_mean": 15.76093279183617,
    "rmse_std": 4.29088060881803,
    "mae_mean": 9.219572639609934,
    "mae_std": 1.8796452556320138,
    "ega_mean": 99.36426169968696,
    "ega_std": 0.5130290844009001
  },
  "LSTM": {
    "rmse_mean": 57.36520767211914,
    "rmse_std": 9.95071029663086,
    "mae_mean": 45.63474655151367,
    "mae_std": 8.817755699157715,
    "ega_mean": 73.53044131595934,
    "ega_std": 6.847625364731704
  },
  "GRU": {
    "rmse_mean": 51.98908996582031,
    "rmse_std": 13.773582458496094,
    "mae_mean": 39.25504684448242,
    "mae_std": 13.36510944366455,
    "ega_mean": 82.04689946112218,
    "ega_std": 11.71847233445901
  },
  "Transformer": {
    "rmse_mean": 14.02642822265625,
    "rmse_std": 2.3120551109313965,
    "mae_mean": 8.905640602111816,
    "mae_std": 1.3024593591690063,
    "ega_mean": 99.46420591693034,
    "ega_std": 0.5735927762570618
  },
  "TFT-only": {
    "rmse_mean": 15.004294395446777,
    "rmse_std": 2.1554601192474365,
    "mae_mean": 9.774737358093262,
    "mae_std": 1.513481616973877,
    "ega_mean": 99.19373584891402,
    "ega_std": 0.6443854950798131
  },
  "GlucoTwin": {
    "rmse_mean": 27.391164779663086,
    "rmse_std": 14.662997245788574,
    "mae_mean": 14.86337661743164,
    "mae_std": 3.6163742542266846,
    "ega_mean": 97.32763026588823,
    "ega_std": 1.5157008796595168
  },
  "GlucoTwin_120min": {
    "rmse_mean": 53.700443267822266,
    "rmse_std": 4.677818775177002,
    "mae_mean": 41.82746505737305,
    "mae_std": 3.844881772994995,
    "ega_mean": 80.294178244725,
    "ega_std": 5.552857807754674
  },
  "GlucoTwin_60min": {
    "rmse_mean": 45.73667907714844,
    "rmse_std": 7.0534820556640625,
    "mae_mean": 35.81808853149414,
    "mae_std": 6.697443962097168,
    "ega_mean": 89.44923664106689,
    "ega_std": 4.156651717975772
  },
  "TFT-only_120min": {
    "rmse_mean": 54.57719421386719,
    "rmse_std": 7.7562761306762695,
    "mae_mean": 41.650516510009766,
    "mae_std": 6.263906478881836,
    "ega_mean": 77.59306688975522,
    "ega_std": 7.110629625774371
  },
  "TFT-only_60min": {
    "rmse_mean": 36.99855422973633,
    "rmse_std": 5.770587921142578,
    "mae_mean": 27.48164176940918,
    "mae_std": 4.825095176696777,
    "ega_mean": 89.54748106222648,
    "ega_std": 4.770658058683991
  },
  "GlucoTwin_trust": {
    "picp_80_mean": 0.7793824225664139,
    "picp_80_std": 0.07837118362214068,
    "rmse_ctx_g0_lt_70_mean": 32.48667734861374,
    "rmse_ctx_g0_lt_70_std": 25.730754360026435,
    "rmse_ctx_g0_ge_70_mean": 27.266003449757893,
    "rmse_ctx_g0_ge_70_std": 14.669455093146313
  }
}